name,founded_at,acquirer_name,acquired_at
"#waywire",6/1/12,Magnify,10/17/13
1000memories,7/1/10,Ancestry,10/3/12
12Society,1/1/12,Quarterly,7/3/13
280 North,,Motorola Mobility,7/1/10
280 North,,Motorola Solutions,7/1/10
2Web Technologies,,Google,6/1/06
3Leaf,6/1/04,Huawei Technologies,2/19/11
3X Systems,11/1/07,Trustyd,10/25/12
4Home,1/1/06,Motorola Solutions,12/1/10
5to1,1/1/09,Yahoo!,5/1/11
60mo,6/1/09,FreeAgent,5/3/12
6Waves,1/1/11,6Waves,7/18/11
8x8 Inc,1/1/87,Contactual,9/15/11
A Bit Lucky,10/1/09,Zynga,9/17/12
about.me,2/5/13,AOL,12/20/10
about.me,2/5/13,Tony Conrad & Ryan Freitas,2/5/13
Accertify,3/1/07,American Express,11/1/10
Accumetrics,1/1/96,ITC,8/30/13
Accuri Cytometers,,"(Becton, Dickinson and Company)",3/18/11
ACE*COMM,1/1/83,Ariston Global,9/24/08
Acopia Networks,1/1/02,F5 Networks,8/6/07
Actacell,,Contour Energy Systems,9/6/12
Action Engine,2/1/00,Mobui,10/13/08
Acton Pharmaceuticals,,Meda,8/30/13
Ad Infuse,11/1/05,Velti,5/12/09
Adap.tv,11/1/06,AOL,8/7/13
Adapt Technologies,1/1/01,WebVisible,11/20/08
adBrite,1/1/03,Site Scout,6/20/13
Adea,1/1/96,Valtech,12/22/10
AdECN,1/1/03,Microsoft,7/26/07
Adiana,1/1/97,Cytyc,2/26/07
Adku,8/1/10,Groupon,2/3/12
Admeld,10/1/07,Google,6/1/11
AdMob,12/1/06,Google,11/9/09
AdNectar,1/19/08,ADOR,6/1/11
ADOR,2/1/09,LightInTheBox.com,1/6/14
AdStack,1/1/11,TellApart,9/30/13
Advanced In Vitro Cell Technologies,1/1/01,Indukern,7/11/08
Advanced Liquid Logic,,Illumina,7/24/13
Advanced Mobile Solutions,1/3/98,Autobytel.com,9/30/13
AdVantage Networks,7/1/10,JMG Exploration,7/12/12
Advasense,1/1/04,Pixim,6/15/11
AdWhirl,,AdMob,8/27/09
AdXpose,1/1/05,comScore,8/3/11
AEA Technology,,Ricardo-AEA,11/8/12
Aegis Analytical Corp.,,Accelrys,10/23/12
Aegis Lightwave,10/1/00,Photop Technologies,1/7/13
Aeluros,6/1/01,Broadcom,2/17/12
Aepona,1/1/99,Intel,4/28/13
AeroScout,1/1/99,Stanley Black & Decker,6/5/12
Affinity Labs,,Monster,1/4/08
Aggregate Knowledge,3/1/06,Neustar,10/31/13
Agistics,1/1/05,Visage Mobile,10/23/07
Agito Networks,,ShoreTel,10/21/10
Aha Mobile,,Harman International Industries,9/15/10
Ahura Scientific,1/1/02,Thermo Fisher Scientific,1/19/10
AirWatch,1/1/03,VMware,1/22/14
Airwide Solutions,1/1/04,Mavenir Systems,5/30/11
aitainment,,Sportradar AG,9/1/10
AkaRx,1/1/05,Eisai,1/7/10
Akorri Networks,1/1/05,NetApp,1/12/11
Aktino,1/1/03,Positron Access Solutions,5/12/09
Albeo Technologies,,General Electric,11/26/12
Aldagen,,Cytomedix,2/9/12
Algonomics,,Lonza Group,11/2/09
Algorithmics,,IBM,9/1/11
Alibaba,6/1/99,Yahoo!,8/11/05
Allworx,7/1/98,PAETEC,11/1/07
Aloqa,5/7/07,Motorola Solutions,9/16/10
Alta Devices,1/1/07,Hanergy Holding Group,12/4/13
AlterPoint,1/1/01,Versata Enterprises,2/25/09
AM Analytics,,Trendrr,1/13/10
Amalfi Semiconductor,1/1/03,RF Micro Devices,11/5/12
Amber Networks,10/1/98,Nokia,7/25/01
Ambric,,Nethra Imaging,4/6/09
amiando,12/13/06,XING,12/10/10
Amie Street,7/4/11,Amazon,9/22/10
Amorcyte,,NeoStem,7/14/11
Amplimmune,,AstraZeneca,8/26/13
Anacomp,1/1/68,DecisionOne,12/22/09
AndersonBrecon,1/1/06,Packaging Coordinators,5/13/13
Ankeena Networks,1/1/08,Juniper Networks,4/8/10
Anobit Technologies,1/1/06,Apple,12/13/11
Anomalous Networks,,Tangoe,1/11/12
Antenna Software,1/1/98,Pegasystems,10/11/13
AnySource Media,1/1/06,DivX,9/1/09
Anywhere.FM,,imeem,1/28/08
Aperio Technologies,1/1/99,Leica Microsystems,8/21/12
Apertio,,Nokia Siemens Networks,1/3/08
Aperto Networks,1/1/99,Tranzeo Wireless Technologies,3/31/10
Apiphany,5/15/12,Microsoft,10/4/13
Appature,1/1/07,IMS Health,3/12/13
"AppCentral, Inc.",1/1/07,Good Technology,10/2/12
AppGate Network Security,1/1/02,Cryptzone,12/18/09
AppHero,5/1/11,Fuse Powered Inc.,12/2/13
AppLabs,1/1/01,CSC,9/14/11
Applimation,1/1/98,Informatica,2/13/09
AppMakr,1/1/10,Infinite Monkeys,8/21/13
Approva,,Lawson Software,9/1/11
AppTrigger,1/1/02,Metaswitch Networks,3/9/10
Apsmart,8/1/09,Thomson Reuters,6/8/12
Aptalis Pharma,,Open Source Food,2/25/08
Aptalis Pharma,,Forest Laboratories,1/8/14
Aptana,1/1/07,Appcelerator,1/18/11
Aptela,,Vocalocity,8/24/11
Aptito,1/11/11,Net Element International,5/22/13
Apture,6/1/07,Google,11/10/11
AQS,,Insurity,3/5/13
Aquafadas,1/4/06,Kobo,10/10/12
Aragon Pharmaceuticals,1/1/09,Johnson & Johnson,6/17/13
Aragon Surgical,1/1/05,Aesculap,9/26/11
Arbor Photonics,,nLIGHT Corp.,1/14/13
Arch Rock Corporation,1/1/05,Cisco,9/2/10
ArcSight,1/1/00,Hewlett-Packard,9/13/10
Ardian,1/1/03,Medtronic,1/13/11
Arroyo Video Solutions,1/1/02,Cisco,8/21/06
Artisan Pharma,1/1/06,Asahi Kasei Pharma,11/22/11
ArtusLabs,1/1/07,PerkinElmer,3/24/11
Ascension Orthopedics,1/1/96,Integra LifeSciences Holdings,9/12/11
Asempra Technologies,1/1/03,Bakbone Software,5/1/09
Ask.com,4/1/96,IAC,7/1/05
Aspida,,Tilaajavastuu,4/1/13
ASSET4,1/1/03,Thomson Reuters,11/1/09
AssetMetrix Corporation,1/1/00,Microsoft,4/26/06
Associated Content,,Yahoo!,5/18/10
AssuraMed,1/1/07,Cardinal Health,3/18/13
Astrid,1/1/08,Yahoo!,5/1/13
Athenix,,Bayer CropScience,8/19/09
Atom Entertainment,,MTV Networks,8/1/06
Atreo Medical,,Medtronic,2/25/10
Atrua Technologies,1/1/00,AuthenTec,7/14/09
Attachments.me,1/1/11,Yesware,11/10/13
Attenex,1/1/00,FTI Consulting,7/2/08
AuctionPay,1/1/02,Global Payments,9/28/09
Audiolife,1/18/08,Alliance Entertainment,5/22/12
AUPEO!,1/1/08,Panasonic,4/8/13
Aveksa,1/1/04,EMC,7/8/13
Avenda Systems,1/1/06,Aruba Networks,11/17/11
Avid Radiopharmaceuticals,1/1/05,Eli Lilly,11/8/10
Avidia,1/1/03,Amgen,10/2/08
Avila Therapeutics,,Celgene,1/26/12
Avot Media,4/21/07,Smith Micro Software,1/1/10
avVenta,1/1/05,Accenture,10/12/12
Avvenu,,Nokia Ovi,12/4/07
AwesomenessTV,6/21/12,DreamWorks Animation,5/1/13
AWR Corporation,7/23/94,National Instruments,5/23/11
Axiom Microdevices,1/1/02,Skyworks Solutions,6/1/09
AxisMobile,1/1/00,Synchronica,8/18/08
Azure Solutions,,Subex Limited,4/25/06
B-hive Networks,1/1/05,VMware,5/28/08
BackType,1/1/08,Twitter,7/5/11
Backyard,,PixelFish,2/2/11
Bandsintown,1/1/07,Cellfish,8/29/11
Baxano,1/1/05,TranS1,3/4/13
BCD Semiconductor Manufacturing Limited,,Diodes Incorporated,3/5/13
Beceem Communications,10/1/03,Broadcom,10/13/10
Behance,2/1/06,Adobe Systems,12/20/12
Behavio,6/12/12,Google,4/12/13
BeInSync,1/1/04,Phoenix Technologies,3/1/08
BelAir Networks,1/1/02,Ericsson,4/3/12
BeliefNet,1/1/08,News Corp,12/1/07
Benten BioServices,,Deltagen,12/21/09
beRecruited,1/1/00,RVS Ventures,11/5/07
Bestofmedia Group,1/1/00,TechMedia Network,7/1/13
BestVendor,1/1/11,Docstoc,8/26/13
Better Place,10/29/07,Sunrise Group,7/12/13
Big Stage,6/1/08,Image Metrics,2/17/11
Big Tent,,Care.com,6/1/13
BigFix,1/1/97,IBM,7/1/10
Bigfoot Networks,1/1/06,Qualcomm Atheros,9/1/11
BigMachines,1/1/99,Oracle Corporation,10/24/13
BigSwerve,9/1/06,Lijit Networks,1/1/08
BigTent Design,,Federated Media,11/3/10
Bill Me Later,1/1/00,eBay,10/6/08
Biocontrol,,AmpliPhi Biosciences,1/1/11
BioFire Diagnostics,1/1/90,bioMerieux,9/3/13
BioVex,1/1/06,Amgen,1/25/11
BiPar Sciences,1/1/02,Sanofi Aventis,4/15/09
BitArmor Systems,,Trustwave Holdings,1/12/10
Bitboys Oy,1/1/91,ATI Technologies,5/3/06
Bitdeli,1/1/11,AdRoll,6/12/13
BitLeap,1/1/04,Barracuda Networks,11/10/08
Bix,,Yahoo!,11/16/06
Biz360,,Attensity,4/29/10
Blackwave,1/1/06,Juniper Networks,11/18/10
BLADE Network Technologies,1/1/06,IBM,9/27/10
Blink Booking,1/1/12,Groupon,9/9/13
BLiNQ Media,3/1/08,Gannett,8/10/12
Blip,5/1/05,Maker Studios,8/21/13
BlockBeacon,1/1/12,Dun & Bradstreet Credibility Corp.,12/1/12
Blockboard,,Klout,2/7/12
Bloomspot,,Chase Banking Corporation,12/21/12
Bloomspot,,Chase Corporation,12/21/12
BlueArc,,Hitachi,9/7/11
Bluefin Labs,6/1/08,Twitter,2/4/13
BlueLithium,1/1/04,Yahoo!,9/4/07
BlueRoads,,CSG Openline,2/24/09
BlueSprig,5/1/11,iQNote 1.1,4/3/08
BMEYE,1/1/05,Edwards Lifesciences,10/10/12
BookFresh,1/1/07,POPSUGAR,6/9/10
Bookya,6/1/07,LSL Gruppe,3/5/10
Boomi,3/1/00,Dell,11/2/10
Boonty,3/1/01,Nexway,12/15/08
BooRah,,Intuit,4/17/09
Boxcar,6/23/09,ProcessOne,2/12/13
Boxcar,6/23/09,Kwaga,7/26/12
Boxee,1/1/04,Samsung Electronics,7/3/13
Branded Payment Solutions,,Planet Payment,5/23/12
brands4friends,1/1/07,eBay,12/20/10
Breach Security,1/1/04,Trustwave Holdings,6/22/10
BreakingPoint Systems,8/28/05,IXIA,7/2/12
BridgeCo,,SMSC,5/19/11
BridgePoint Medical,1/1/05,Boston Scientific,9/19/12
BridgePort Networks,1/1/02,CounterPath Corporation,2/5/08
Bridgewater Systems,1/1/97,Amdocs,6/17/11
Brightkite,1/1/07,Limbo,4/7/09
BrightNest,1/1/11,Angie's List,8/2/13
BringIt,11/20/08,International Game Technology,2/1/12
Broadcast.com,9/1/95,Yahoo!,11/1/99
BroadLight,6/1/00,Broadcom,3/21/12
bTendo,1/1/07,STMicroelectronics,8/8/12
BufferBox,6/1/11,Google,11/30/12
BugSense,3/1/11,Splunk,9/16/13
BuildForge,1/1/01,IBM,5/2/06
BUKA,1/1/01,1C Company,7/18/08
BULX,3/2/10,DealYard.com,8/1/11
Bump Technologies,10/1/08,Google,12/31/13
BumpTop,2/24/07,Google,5/2/10
Buscap_,6/1/99,Naspers,10/5/09
Business Engine,1/1/85,Planview,2/13/10
BuyWithMe,3/1/09,Gilt City,11/2/11
BzzAgent,1/1/01,dunnhumby,5/23/11
C-nario,1/1/02,YCD Multimedia,10/27/11
Cabana,,Twitter,10/18/12
Cadent,,Align Technology,3/29/11
Cake Financial,4/1/06,E*Trade,1/14/10
Calibra Medical,1/1/04,Johnson & Johnson,7/19/12
Calista Technologies,3/1/06,Microsoft,1/21/08
Calistoga Pharmaceuticals,,Gilead Sciences,2/22/11
Calpurnia Corporation,1/1/02,Tyco International,7/16/08
Calypso Medical,,Varian Medical Systems,9/19/11
CambridgeSoft,1/1/86,PerkinElmer,3/24/11
Canesta,1/1/99,Microsoft,10/29/10
Canpages,1/1/06,Yellow Pages Group,3/30/10
Canwest,1/1/74,Shaw Media,8/23/12
card.io,,PayPal,7/17/12
CardMunch,1/1/09,LinkedIn,1/26/11
CarDomain Network,9/1/99,Source Interlink Companies,9/5/12
Cardpool,1/1/09,BlackHawk Network,10/20/11
Carefx,,Harris,2/23/11
CarePoint Partners,3/1/99,BioScrip,6/17/13
Carmine,5/1/11,GlossyBox,3/1/12
Cartavi,1/1/09,DocuSign,5/15/13
Cartela AB,,Hansa Medical,1/15/08
Casabi,1/1/04,BroadSoft,10/15/10
CashEdge,1/1/99,Fiserv,9/14/11
Catapult Genetics,1/1/98,Zoetis,3/18/08
Causata,1/1/09,NICE Systems,8/7/13
Cedar Point Communications,1/1/00,GENBAND,1/4/11
Celletra,,Unity Wireless,8/18/06
Cellity,10/1/06,Nokia,7/24/09
CellTran,1/1/00,York Pharma,10/28/08
"Centerbeam, Inc.",1/1/99,EarthLink,6/17/13
CentrePath,1/1/00,Global Capacity,1/1/06
Ceon,1/1/82,Convergys,10/6/08
Ceptaris Therapeutics,1/1/02,Actelion Pharmaceuticals,7/31/13
Ception Therapeutics,,Cephalon,2/23/10
Cequint,1/1/04,TNS,9/9/10
Ceregene,,Sangamo BioSciences,8/26/13
Certify Data Systems,1/1/04,AOL,11/5/12
Chai Labs,,Facebook,8/15/10
Chalkable,4/1/10,Software Technology,12/9/13
Challenge Games,1/1/06,Zynga,6/3/10
Chatterfly,6/1/10,Plum District,12/8/11
ChessPark,5/1/07,Chess.com,12/23/09
CHiL Semiconductor,1/1/06,International Rectifier,2/28/11
ChoicePass,7/1/11,Salesforce,6/18/12
Chomp,9/9/09,Apple,2/23/12
Cinario,,Orsus Solutions USA,2/13/09
Circle of Moms,10/1/08,POPSUGAR,2/21/12
cisimple,5/1/12,Appurify,8/12/13
CitizenHawk,1/1/06,Wolters Kluwer Corporate Legal Services,9/11/13
Citizenside,5/1/06,"Newzulu, Inc.",7/11/13
Citydeal.de,,Groupon,5/1/10
CitySquares,8/1/05,Backyard,12/3/10
CityTherapy,3/1/05,CityandOut,3/1/10
Claros Diagnostics,,OPKO Health,10/13/11
Clean Mobile,1/1/06,The TQ Group,4/23/12
Clear Story Systems,,The FeedRoom,12/1/08
ClearApp,1/1/02,Oracle Corporation,9/2/08
Clearwell Systems,12/6/04,Symantec,7/11/11
Clever Sense,4/11/08,Google,12/1/11
CleverSet,,ATG (Art Technology Group),1/1/08
Clickpass,4/9/07,Yola,12/1/08
Clipboard,1/1/11,Salesforce,5/9/13
Cloakware,1/1/97,Irdeto,12/7/07
CloudFloor,,Everbridge,9/12/11
Clouli,9/1/11,Enabledware,1/1/12
Clover,,First Data Corporation,1/1/12
CMOSIS nv,11/18/07,Kwiqq,12/2/13
CNS Therapeutics,,Mallinckrodt,9/24/12
COADE,1/1/84,Intergraph,1/6/10
Cobook,1/1/11,FullContact,1/15/14
Codesion,1/1/02,CollabNet,10/19/10
Cofio Software,1/1/06,Hitachi,9/24/12
Coghead,5/1/03,SAP,2/19/09
Cognio,1/1/00,Cisco,9/18/07
CogniTens,1/1/95,Hexagon Metrology,12/21/07
Cohuman,10/9/09,Mindjet,9/11/11
ColdSpark,1/1/01,Bakbone Software,5/11/09
Colibria,1/1/00,Metaswitch Networks,4/6/11
CollabNet,5/1/99,Vector Capital,2/3/14
CollabRx,1/1/08,Tegal Corporation,7/2/12
Collective Intellect,1/1/05,Oracle Corporation,6/5/12
CollegeHumor,1/1/99,IAC,8/15/06
Collider Media,1/1/09,Videology,8/20/12
Collider Media,1/1/09,Videology,8/1/12
ColorPlaza,1/1/99,FotoDesk,6/1/08
Colubris Networks,1/1/00,Hewlett-Packard,8/11/08
Com2uS Corp.,7/1/98,GAMEVIL,10/8/13
Compassoft,1/1/02,Finsbury Solutions,2/3/09
Compendium,1/3/07,Oracle Corporation,10/17/13
Compete,1/1/00,Taylor Nelson Sofres,3/3/08
Comsenz,,Tencent,8/23/10
Comtica,,One-2-One,5/15/07
Concuity,,The Advisory Board Company,3/1/10
Conduit Labs,,Zynga,8/17/10
Conformia Software,,Oracle Corporation,6/17/09
Conveneer,1/1/04,mBlox,10/1/10
Copan Systems,1/1/02,SGI,2/23/10
Copiun,,Good Technology,9/5/12
CopperEgg Corporation,6/1/10,Idera,7/9/13
CopperGate Communications,1/1/00,Sigma Designs,11/12/09
Coradiant,1/1/00,BMC Software,4/28/11
Coresonic,1/1/04,MediaTek,4/10/12
Corthera,,Novartis,12/23/09
Cotendo,1/1/08,Akamai Technologies,11/27/11
CoverItLive,1/1/07,Demand Media,3/3/11
CPower,1/1/00,Constellation Energy,9/19/10
Cramster,1/1/02,Chegg,12/8/10
CREDANT Technologies,1/1/01,Dell,12/19/12
Crocodoc,2/1/10,Box,5/9/13
Crossbow Technologies,1/1/95,Moog,6/3/11
Crossing Automation,1/1/03,Brooks Automation,10/30/12
Crowdcast,1/1/07,spigit,9/18/12
CrowdCompass,4/1/09,Cvent,6/19/12
Crucell,1/1/93,Johnson & Johnson,2/22/11
CubeTree,1/1/08,SuccessFactors,5/3/10
Cue,1/1/10,Apple,10/4/13
Current Communications Group,,Ormazabal,3/7/13
CyrusOne,1/1/00,ABRY Partners,7/11/07
Dabble DB,6/10/10,Twitter,6/10/10
DailyBooth,3/1/09,Airbnb,1/1/12
DailyBurn,10/1/07,Mindspark Interactive Network,5/20/10
DailyDeal,,Google,9/19/11
Dailymotion,3/1/05,Orange,2/22/13
DailyStrength,4/1/06,HSW International,12/3/08
Dapper,10/1/06,Yahoo!,10/5/10
Darberry,3/10/10,Groupon,8/17/11
Dash,,Blackberry,6/4/09
Dashwire,8/11/06,HTC Corp,8/5/11
Data Impact,,Transactis,7/19/11
DATAllegro,1/1/03,Microsoft,7/25/08
Datanomic,1/1/01,Oracle Corporation,6/21/11
Dealer.com,11/6/98,DealerTrack,12/19/13
DealPerk,1/1/10,Screamin Daily Deals,12/9/10
DebtMarket,1/10/07,IntercontinentalExchange,12/31/11
Decide.com,6/20/11,eBay,9/9/13
Deerpath Energy,,Southwest Windpower,7/1/10
DeerTech,1/1/03,SavATree,11/15/10
Definiens,1/1/94,Trimble,6/11/10
Delve Networks,2/1/06,Limelight Networks,8/2/10
Demandforce,1/1/03,Intuit,4/27/12
DesignArt Networks,1/1/06,Qualcomm,8/23/12
Desk,1/1/09,Salesforce,9/21/11
Deskom,,Cegedim Relationship Management,9/8/10
Desktone,1/1/06,VMware,10/15/13
DevZuz,,Exist,1/7/08
Dexterra,1/1/00,Antenna Software,6/1/09
DGIT,1/1/99,DG FastChannel,6/16/11
DiBcom,1/1/00,Parrot,7/29/11
Dibspace,10/1/08,BizXchange,10/1/10
DiJiPOP,11/1/08,OwnerIQ,1/24/12
DIREVO Industrial Biotechnology,1/1/00,Bayer HealthCare,9/16/08
disco volante,10/1/10,Senzari,10/30/12
Distra,1/1/99,ACI Worldwide,9/1/12
Dittit,6/1/11,Issuu,1/1/12
Ditto,1/1/10,Groupon,4/17/12
Divergence,1/1/99,Monsanto,2/22/11
DivX,,Sonic Solutions,6/2/10
DNA Games,1/1/09,Zynga,5/18/11
DocVerse,9/1/07,Google,12/5/09
Dogster,1/12/04,SAY Media,4/19/11
DoodleDeals Inc.,3/1/09,Plum District,12/8/11
Dopplr,,Nokia,9/28/09
dotSyntax,3/1/06,Tagged,4/19/11
Dpivision,3/1/02,Private company sale,6/1/10
Draths Corporation,,Amyris Biotechnologies,11/4/11
drop.io,11/26/07,Facebook,10/29/10
Drugstore.com,1/1/97,Walgreen,3/24/11
Duck Creek Technologies,1/1/00,Accenture,8/23/11
Dynamics Research,1/1/55,Engility,1/25/80
EachNet,1/1/99,eBay,7/16/03
earthmine,7/1/06,Nokia,11/13/12
easy2comply (Dynasec),1/1/02,Check Point Software Technologies,11/1/11
EatingWell,,Meredith Corporation,6/27/11
Ebuzzing,1/1/07,Nomao.com,10/10/10
EchoFirst,1/1/07,SunEdison,7/30/13
Echograph,10/1/12,Vimeo,2/14/13
EdgeCast Networks,8/1/06,"Verizon Communications, Inc.",12/9/13
Edusoft,1/1/90,Educational Testing Service (ETS),9/6/11
Eglue Business Technologies,1/1/01,NICE Systems,6/10/10
eInstruction,1/1/80,Turning Technologies,8/8/13
Eka Systems,1/1/00,Cooper Industries,4/19/10
Elastic Intelligence,1/1/10,Intuit,6/21/13
Eleme Medical,1/1/07,Cynosure,2/3/11
Elevation Pharmaceuticals,1/1/07,Sunovion Pharmaceuticals,8/30/12
Eloqua,1/1/99,Oracle Corporation,12/20/12
Embark,1/1/11,Apple,8/22/13
Ember,,Silicon Laboratories,5/21/12
"Ember, Inc.",10/1/12,"Adaptive Medias, Inc.",12/4/13
Emergent Game Technologies,1/1/00,Gamebase,12/22/10
eMeter,1/1/99,Siemens,12/6/11
Emulation and Verification Engineering,1/1/00,Synopsys,10/4/12
Encentuate,1/1/01,IBM,3/12/08
Enclarity,2/1/05,LexisNexis,9/11/13
Encysive Pharmaceuticals,1/1/89,Pfizer,2/20/08
Endorse,1/1/10,Dropbox,7/20/13
Endurance Lending Network,12/1/11,Funding Circle,10/25/13
enGreet,2/2/10,Designer Greetings,4/1/12
Enkia,11/9/98,Sentiment360,12/23/10
Enliven Marketing Technologies,1/1/87,DG FastChannel,10/2/08
Enobia Pharma,1/1/97,Alexion Pharmaceuticals,12/29/11
Enpirion,1/1/01,Altera,5/14/13
Ensogo,7/1/09,LivingSocial,6/27/11
Enterprise Data Safe Ltd.,11/6/06,Funky Android,6/22/11
ENTrigue Surgical,,Arthrocare,7/2/13
Envio Networks,,SkyWeaver,3/9/11
Environmental Support Solutions,1/1/93,IHS,9/18/09
Envox Group,1/1/94,Syntellect,10/20/08
Epocrates,1/1/98,athenahealth,1/7/13
EPV SOLAR,,Sunlogics PLC,9/20/11
EraGen Biosciences,1/1/94,Luminex,6/21/11
Erly,1/1/11,Airtime,5/23/12
ESBATech,1/1/98,Alcon,9/13/09
Escapia,1/1/00,HomeAway,10/20/10
eSnips,,Logia Group,11/1/08
eSoft,,Untangle,12/5/13
Essential Viewing,1/1/99,Digital Barriers,3/14/11
Estech,1/1/96,AtriCure,12/19/13
Etacts,,Salesforce,12/21/10
eTapestry,,Blackbaud,8/1/07
Evalve,1/1/99,Abbott Labs,9/11/09
Eventioz,1/1/08,Eventbrite,9/3/13
Everest Software,1/1/94,Versata Enterprises,8/7/09
Everlater,8/15/08,MapQuest,11/16/12
Everyday Solutions,1/1/00,"Synovia, Inc.",9/24/12
Evolution Robotics,1/1/01,iRobot,9/17/12
Exalead,1/1/00,Dassault Systemes,6/8/10
Excaliard Pharmaceuticals,,Excaliard Pharmaceuticals,11/22/11
Excel Energy,,Site Controls,7/24/08
Exclusively.in,1/1/10,Myntra,11/9/12
Exec,,Handybook,1/15/14
Exeros,1/1/02,IBM,5/5/09
Expand Networks,,Riverbed Technology,12/28/11
Extend Media,1/1/91,Cisco,8/26/10
EyeSpot,1/1/05,PixelFish,12/22/08
Fabkids,1/1/12,JustFab,1/18/13
fabrik,8/1/05,Hitachi GST,4/6/09
Face.com,4/1/05,Facebook,6/18/12
Factor Technology Group,,Symphony Technology Group,4/12/11
Factory Media Limited,12/1/06,Forward Internet Group,2/1/12
Familiar,1/1/11,Evidence.com,10/7/13
Fanatics,1/1/95,GSI Commerce,2/9/11
Fanatics,1/1/95,Kynetic,6/1/11
FanSnap,1/1/07,NexTag,12/8/11
FanSnap,1/1/07,SeatGeek,12/19/13
FantasyBook,12/1/07,Citizen Sports,11/10/08
Fanvibe,1/1/09,beRecruited,6/1/11
Fastpoint Games,11/29/10,Weplay,5/21/12
FastSoft,1/1/06,Akamai Technologies,9/13/12
Fathom Online,1/1/02,Geary Interactive,3/29/08
FeeFighters,1/1/09,Groupon,3/23/12
fflick,1/1/10,Google,1/25/11
FigCard,,PayPal,4/28/11
FilesX,1/1/00,IBM,4/21/08
Filtrbox,4/1/07,Jive Software,1/7/10
Finjan,1/1/96,M86 Security,11/1/09
Fios,1/1/99,DTI,11/29/12
Firethorn,1/1/01,Qualcomm,11/14/07
FiveRuns,2/1/05,WorkThink,9/29/09
FlashSoft,11/25/09,SanDisk,2/15/12
Fleet Management Solutions,1/1/02,Trafficmaster,1/18/10
Fleet Management Solutions,1/1/02,Teletrac Inc.,1/19/10
Flextrip,9/1/10,Nor1,9/25/13
Flickr,1/1/04,Yahoo!,3/1/05
FlightCaster,,Next Jump,1/10/11
FlipKey,1/1/07,TripAdvisor,8/20/08
Flixster,1/20/06,Warner Bros.,5/4/11
Flock,1/1/05,Zynga,1/5/11
FlowCardia,1/1/02,C. R. Bard,5/21/10
Flowdock,12/23/09,Rally Software,2/13/13
Flowtown,2/1/09,Demandforce,10/14/11
Flutter,1/1/10,Google,10/2/13
Fluxome,,Evolva,11/29/12
Foldrx Pharmaceuticals,1/1/03,Pfizer,9/1/10
Fondu,2/1/10,Airbnb,10/3/12
FoneStarz Media,,LiveWire Mobile,12/17/10
FoodBuzz,,Federated Media,11/18/10
Foodspotting,9/1/09,OpenTable,1/29/13
Foodzie,,Joyus,6/5/12
Footnote,6/1/06,Ancestry,9/23/10
ForeSee,9/1/01,Answers Corporation,12/23/13
Forrst,1/25/10,COLOURlovers,3/26/12
Forrst,1/25/10,ZURB,1/10/13
Forrst,1/25/10,Creative Market,3/25/12
Forterra Systems,6/1/05,SAIC,2/3/10
Fotomoto,10/1/08,liveBooks,12/31/12
FoxyTunes,1/1/05,Yahoo!,2/4/08
Fraud Sciences,,PayPal,1/28/08
Fridge,,Google,7/21/11
FriendFeed,10/1/07,Facebook,8/10/09
FRWD Technologies,1/1/00,Elisa,1/1/07
FuGen Solutions,1/1/06,8KMiles Software Services,5/14/13
Fulcrum Microsystems,1/1/00,Intel,7/19/11
Fundamo (Proprietary),1/1/00,Visa,6/9/11
Fusepoint Managed Services,,CenturyLink Technology Solutions,5/28/10
g2One,,SpringSource,11/11/08
Gaikai,11/1/08,Sony Corp,7/2/12
Galazar,,EXAR,6/17/09
Game Trust,1/1/02,Real Networks,9/1/07
GamerDNA,10/1/06,Live Gamer,7/19/11
GamerDNA,10/1/06,Crispy Gamer,12/21/09
Games2Win,1/1/05,Backyard Game FactorRy,6/5/13
Gamma Basics,1/1/09,Undisclosed Company,11/27/13
Gamma Enterprise Technologies,1/1/91,Applimation,1/24/08
gantto,8/1/10,Tom's Planner,7/10/13
Garlik,1/1/05,Experian,12/23/11
GasBuddy,6/29/99,Oil Price Information Service (OPIS),3/1/13
gate5,1/1/99,Nokia,9/1/06
GateGuru,5/1/09,TripAdvisor,6/19/13
GC Holdings,1/1/02,Kaiam,3/19/13
gdgt,7/1/09,AOL,2/13/13
Ge.tt,11/1/10,e-conomic International,11/1/13
Gear6,8/1/06,Violin Memory,6/16/10
Gearworks,1/1/99,"Xora, Inc.",8/12/09
Gemfire,1/1/95,Ignis,11/11/09
Genelabs Technologies,1/1/83,GlaxoSmithKline,11/1/08
Genesis Biopharma,,Lion Biotechnologies,10/31/13
GeoCities,1/1/96,Yahoo!,1/28/99
GEOCOMtms,1/1/99,RedPrairie,3/14/07
GeoIQ,7/7/05,Esri,7/6/12
Geoloqi,4/20/10,Esri,10/16/12
Geomagic,1/1/97,3D Systems,1/3/13
Geospiza,,PerkinElmer,5/6/11
GetGlue,,i.TV,11/6/13
"GetWellNetwork, Inc.",1/1/99,"Welsh, Carson, Anderson & Stowe",1/3/13
Giant Realm,1/1/07,Burst Media,10/8/09
Gidsy,5/1/11,GetYourGuide,4/26/13
Giftango,6/25/05,InComm,1/8/13
Gigle Networks,1/1/05,Broadcom,11/22/10
GigPark,1/1/07,Canpages,8/24/09
Gizmo5,4/1/03,Google,11/9/09
Gizmoz,1/1/03,Daz 3d,12/15/09
GlassBox,,Blue Ant Media,4/11/11
Glassmap,1/1/12,Groupon,1/12/13
globalscholar.com,,Scantron,12/16/10
Gloucester Pharmaceuticals,,Celgene,12/7/09
Go Try It On,12/1/09,Rent the Runway,6/25/13
Goby,7/1/08,Telenav,9/2/11
Golden Gekko,,Digital Management,11/30/12
Golfsmith,1/1/67,Golf Town Canada,9/18/13
GoMiles,1/1/10,Traxo,9/25/12
Good Technology,1/1/96,Visto,2/23/09
GoodApril,1/1/12,Intuit,8/8/13
GoodGuide,12/1/07,Underwriters Laboratories (UL),8/9/12
Goowy,10/1/04,AOL,2/3/08
GoPago,1/1/09,Amazon,12/16/13
Gotuit,1/1/00,Digitalsmiths,11/23/10
GoTV Networks,1/1/97,Phunware,7/12/11
GotVoice,10/1/03,Spoken Communications,10/12/09
goviral,1/1/05,AOL Europe,1/31/11
GraffitiGeo,1/1/09,Loopt,10/1/09
Grandis,,Samsung Electronics,8/1/11
Gravity,4/1/09,AOL,1/23/14
Gravity Bear,1/1/08,Kabam,3/29/12
GreenNote,4/1/07,TuitionU.com,3/3/09
Greenplum Software,6/1/03,EMC,7/6/10
Greenstack,,Edtuit,5/1/13
GroSocial,8/1/10,Infusionsoft,1/22/13
GroundedPower,1/1/08,Tendril,10/19/10
Grouply,3/1/06,Oodle,11/17/10
GuardianEdge Technologies,1/1/02,Symantec,4/29/10
Guardium,1/1/02,IBM,11/30/09
Gydget,10/1/07,Adgregate Markets,6/18/09
H-care,1/1/05,Comdata,2/1/08
Habeas,1/1/02,Return Path,8/12/08
Hallpass Media,1/1/08,MindJolt,4/18/11
Handango,,Appia,2/23/10
Handmark,7/1/00,Sprint Nextel,5/20/13
Hatteras Networks,1/1/00,Overture Networks,3/15/11
Haute Secure,1/1/06,TRUSTe,4/16/09
HeadSprout,1/1/99,Newell Rubbermaid,3/15/11
Headstrong,1/1/81,Genpact,4/6/11
Health Hero Network(Bosch Healthcare),1/1/88,Robert Bosch GmBH,12/22/08
HealthCentral,1/1/06,Remedy Health Media,11/29/11
HealthDataInsights,,HMS Holdings,11/8/11
Helium,,R.R. Donnelley & Sons,6/21/11
Heysan,1/24/07,Good Technology,5/1/09
hi5,12/1/03,Tagged,12/14/11
High Tower Software,1/1/99,BlackStratus,2/17/09
HipChat,9/1/09,Atlassian,3/7/12
HipCricket,1/1/04,Augme,8/4/11
HistoRx,1/1/04,Genoptix,9/1/12
Hitpost,4/1/09,Yahoo!,10/1/13
Hive7,6/1/06,Playdom,7/12/10
HiveLive,,RightNow Technologies,9/8/09
HiWired,1/1/04,Radialpoint,1/1/09
Home Comfort Zones,1/1/02,Emme E2MS,1/1/12
Home-Account,11/1/08,Bills.com,7/28/10
HomeSav,1/1/10,Rebellion Media Group,7/25/13
hoopos.com,1/1/11,Babyoye,4/1/13
Hoppit,1/1/11,XO Group,9/17/13
HopStop.com,1/1/05,Apple,7/19/13
HOSTEX,1/1/95,Baltic Data Center,9/6/10
Hosting.com,,Hostmysite,5/19/09
Hot Potato,1/1/09,Facebook,7/28/10
HotPads,5/4/05,Zillow,11/26/12
Hubspan,1/1/00,Liaison Technologies,8/22/12
Hughes Telematics,1/1/07,"Verizon Communications, Inc.",6/1/12
Humanoid,10/1/08,CloudFactory,10/1/12
Humedica,1/1/79,United Health,1/1/13
hybris,1/1/97,SAP,6/6/13
Hyperformix,,CA Technologies,9/28/10
Hyperic,1/1/04,SpringSource,5/4/09
Hyperpublic,,Groupon,2/17/12
HyperQuest,,Solera Holdings,2/1/13
HyperWeek,1/1/09,Knowledge Plaza,9/1/13
ibeatyou,,Photobucket,1/1/11
ICAgen,1/1/92,Pfizer,10/28/11
iCentera,1/1/03,CallidusCloud,7/6/11
Icera,4/1/02,Nvidia,5/9/11
iChange,1/1/08,Herbalife Ltd,4/11/11
iConclude,1/1/05,Opsware,3/7/07
Iconix Biosciences,,Entelos,8/30/07
iCrossing,1/1/98,Hearst Corporation,6/2/10
ID Analytics,1/1/02,LifeLock,3/14/12
ideeli,1/1/07,Groupon,1/13/14
IDENT Technology,1/1/02,Microchip,5/1/12
iLinc,3/1/98,BroadSoft,9/7/11
iList,,News Corp,4/21/10
Illuminate Labs,,Autodesk,7/21/10
Imagekind,9/1/06,Cafe Press,7/1/08
Imagine Communications,1/1/05,Harris Broadcast,12/4/13
Imaginova,,TechMedia Network,10/26/09
Imago Scientific Instruments,1/1/99,AMETEK,4/8/10
IMASTE,5/1/03,ON24,6/1/12
Immunet Corporation,7/1/08,Sourcefire,1/5/11
Imperator,7/1/10,UltraPlay,8/1/12
Impermium,7/1/10,Google,1/16/14
ImpulseSave,1/1/10,Betterment,10/18/13
imsense,1/1/07,Apple,7/1/10
Incentive Targeting,2/7/07,Google,11/28/12
Incredible Labs,1/1/11,Yahoo!,1/30/14
Indeed,11/1/04,"Recruit Co., Ltd",10/1/12
IndexTank,10/5/09,LinkedIn,10/11/11
Indicative Software,1/1/03,Nimsoft,4/1/08
Indisys,1/1/05,Intel,9/13/13
INDOM,1/1/97,NetNames,1/1/10
inDplay,1/1/06,Ascent Media Corporation,9/8/08
Infinia,1/1/85,Qnergy,11/21/13
Infinity Box,1/1/06,SurveyMonkey,4/25/11
Infochimps,7/14/09,CSC,8/7/13
Informance International,1/1/95,CDC Software,5/14/09
Information Development Consultants,,CDC Software,6/2/10
Informative,1/1/99,Satmetrix,10/9/07
Ingenuity Systems,1/1/98,Qiagen,4/29/13
Inlet Technologies,1/1/03,Cisco,2/4/11
Innov-X Systems,1/1/01,Olympus Corporation,7/2/10
Innovate/Protect,,Vringo,7/1/12
Innovectra,1/1/96,ImmersiFind,1/11/11
Innoveer Solutions (now Cloud Sherpas),1/1/98,Cloud Sherpas,1/1/13
Insightera,1/1/09,Marketo,12/13/13
Instagram,3/1/10,Facebook,4/9/12
InstallFree,1/1/06,WatchDox,11/10/12
Instantis,1/1/99,Oracle Corporation,11/8/12
Instinctiv,8/1/07,SoundCloud Inc.,5/1/12
Intechra Holdings,1/1/87,Arrow Electronics,12/16/10
Integrated Materials,1/1/98,Ferrotec (USA),7/12/10
Integrien,1/1/01,VMware,8/31/10
Intela,2/2/06,XL Marketing,10/9/13
Intellione,,Intelligent Mechatronic Systems,2/1/11
Intellitactics,1/1/96,Trustwave Holdings,3/3/10
Intellon Corporation,,Qualcomm Atheros,9/11/09
Interactive Supercomputing,1/1/04,Microsoft,9/22/09
Intercasting,1/1/04,Good Technology,5/1/09
interclick,1/1/07,Yahoo!,11/1/11
Intrinsity,1/1/08,Apple,4/27/10
Invarium,1/1/03,Cadence Design Systems,7/13/07
Inviragen,,Takeda Pharmaceutical,5/7/13
Invite Media,2/1/07,Google,6/2/10
Involver,1/1/07,Oracle Corporation,7/10/12
IO Turbine,,Fusion-io,8/4/11
Ion Torrent,,Life Technologies,8/18/10
IPLocks,1/1/02,Fortinet,6/1/08
IPTEGO,1/1/06,Acme Packet,4/26/12
Iptune,,Aito Technologies,2/1/13
IQ Engines,6/1/08,Yahoo!,8/23/13
IronPort Systems,1/1/00,Cisco,1/4/07
ISD Corporation,,ACI Worldwide,3/21/11
ISIS,1/1/98,TravelPod,1/1/10
iStorez,,TheFind,9/1/09
ITA Software,1/1/96,Google,4/13/11
ITM Software,1/1/01,BMC Software,6/1/08
iTracs,,CommScope,3/19/13
iVideosongs,,Songmaster Studios Education,1/17/11
iWatt,1/1/00,Dialog Semiconductor,7/16/13
iZumi Bio,1/1/07,iPierian,7/8/09
Jacked,6/1/06,Roundbox,3/14/10
JagTag,1/1/07,Augme,7/1/11
Jajah,1/1/05,O2,12/20/09
Jambool,8/1/06,Google,8/9/10
Jamdat Mobile,3/1/00,Electronic Arts,12/1/05
JamLegend,,Zynga,4/19/11
Javelin Semiconductor,1/1/07,Avago Technologies,4/19/13
jellyfish,12/1/05,Microsoft,10/3/07
Jiangsu Shunda Semiconductor Development,,Suntech Power,5/1/08
Jigsaw,10/31/03,Salesforce,4/21/10
Jigsee,4/17/08,Vuclip,2/14/13
Jive Software,2/7/01,CLARA,5/1/13
JOA Oil & Gas,,Baker Hughes Nederland Holdings,10/12/10
Jobfox,3/1/04,Doostang,9/1/12
Jobs2Web,1/1/03,SuccessFactors,12/6/11
Jobster,1/1/04,Zapoint,4/5/10
Joobili,4/15/08,TravelShark,6/5/12
JotSpot,,Google,10/31/06
Jott,4/1/06,Nuance Communications,7/15/09
JouleX,1/1/09,Cisco,5/29/13
Jumo,2/1/10,GOOD,8/17/11
JustSpotted,7/1/08,Google,7/20/11
Jybe,1/1/11,Yahoo!,3/20/13
Kaboodle,10/1/05,Hearst Corporation,8/1/07
KAI Pharmaceuticals,,Amgen,4/10/12
Kanobu Network,1/1/09,Rambler,6/29/11
Karma,1/1/11,Facebook,5/18/12
Kasenna,,Espial Group,7/10/08
kaufDA,8/1/08,Axel Springer,3/2/11
KAYAK,1/14/04,Priceline,11/8/12
Kelkoo,1/1/99,Yahoo!,3/26/04
Kelkoo,1/1/99,Jamplant,11/21/08
Ketera,1/1/83,Deem,12/1/10
Keynoir,3/11/10,Time Out Group,11/22/11
Kiala,1/1/00,UPS,2/15/12
Kima Labs,1/1/10,Groupon,2/18/12
Kingfish Labs,6/1/11,BuzzFeed,9/11/12
Kluster,1/1/08,Quirky,1/1/09
Kneebone,1/1/04,Deloitte,4/9/13
Knovel,1/1/01,Elsevier,1/7/13
Kobo,12/15/09,Rakuten,11/8/11
Kongregate,1/1/06,Gamestop,7/27/10
Kosmix,1/1/05,WalmartLabs,5/1/11
Kovio,1/1/01,Thin Film Electronics ASA,1/22/14
Kreatech Diagnostics,,Leica Biosystems St. Louis,7/8/13
Ku6,,Shanda Games,11/27/09
Kupoya,4/1/11,Kupoya,1/10/13
Kyte,12/1/06,KIT digital,1/31/11
Lagan Technologies,1/1/94,KANA Software,11/4/10
Landis+Gyr,,Toshiba Corporation,5/19/11
Lanyrd,,Eventbrite,9/3/13
Lascaux Co.,2/1/11,Etsy,1/22/13
Last.fm,1/1/02,CBS,5/1/07
Laszlo Systems,1/1/00,Critical Path,2/23/12
Late Nite Labs,1/1/06,Macmillan,3/20/13
LaunchGram,1/10/12,Referly,2/20/13
LawPivot,1/1/09,Rocket Lawyer,1/14/13
Layer 7 Technologies,1/1/03,CA Technologies,5/10/13
LayerBoom,4/6/09,Joyent,7/15/10
Leaky,1/1/10,Navion Insurance,8/31/13
Lemon,7/11/11,LifeLock,12/12/13
LensX Lasers,,Alcon,7/6/10
Let it Wave,1/1/01,Zoran,6/1/08
LetsBuy.com,1/1/09,Flipkart,2/9/12
LibreDigital,,R.R. Donnelley & Sons,8/17/11
Lifeblob,,Printo,11/22/10
Lifeproof,1/1/10,OtterBox,5/22/13
"LifeSize, a Division of Logitech",1/1/03,Logitech,11/10/09
LiftDNA,9/1/09,OpenX,2/27/12
Lightera,2/1/98,Ciena,3/1/99
Like.com,6/18/86,Google,8/20/10
Likewise Software,11/1/04,EMC,3/20/12
Liligo.com,1/1/06,Voyages-SNCF.com,9/23/10
LimeLife,6/1/04,Total Beauty Media,8/18/10
Lingt,1/1/09,Dictionary.com,12/1/10
Link_A_ Media,,SK hynix,6/20/12
Lionside,1/1/09,ngmoco,9/15/11
Liquavista,1/1/06,Amazon,5/13/13
Liquavista,1/1/06,Samsung Electronics,1/19/11
Liquid Air Lab,5/1/02,24MAS,1/10/12
Live On The Go,,Snapfinger,10/7/10
Livemocha,9/1/07,Rosetta Stone,4/2/13
Livestream,5/1/07,Adviqo,1/1/08
Livio Radio,1/1/08,Ford,9/26/13
LLLer,2/1/12,LLLer,2/1/12
Loan Servicing Solutions,,Arbor Residential Mortgage,3/1/08
Localmind,12/12/10,Airbnb,12/1/12
Localocracy,1/1/09,The Huffington Post,10/3/11
Locately,7/1/08,Service Management Group,8/16/12
Locationary,9/1/09,Apple,7/19/13
Lockstream,1/1/99,Irdeto Access,1/1/05
Locu,1/1/11,GoDaddy,8/19/13
LOG607,5/1/07,Marsilio Editori,1/1/10
Loginza,,Yandex,1/27/11
Logopro,,Orgraf,1/17/12
Lolapps,1/1/08,6Waves,7/18/11
Lombardi Software,1/1/99,IBM,12/16/09
Look.io,8/17/11,LivePerson,6/12/12
Lookery,8/1/07,Adknowledge,11/6/08
LoopFuse,1/1/07,Salesfusion,1/30/14
Loopt,1/1/05,Green Dot Corporation,3/9/12
LOVEFiLM,1/1/03,Amazon,6/15/12
Lovejuice,1/1/03,Revive Juice Bars,1/1/08
LS9,1/1/05,Renewable Energy Group,1/23/14
lucierna,5/22/09,SmartBear Software,12/10/13
Lucky Ant,3/1/11,MoolaHoop,12/12/13
Lucky Sort,5/1/11,Twitter,5/13/13
Ludic Labs,,Groupon,12/1/10
Luminus Devices,1/1/02,Lightera,6/13/13
Luna Innovations,,Intuitive Surgical,1/23/14
Lutonix,,C. R. Bard,12/20/11
M.dot,6/1/12,GoDaddy,2/11/13
M/A-COM,,Cobham Defense Electronic Systems,5/13/08
M5 Networks,5/5/00,ShoreTel,2/1/12
M86 Security,1/1/95,Trustwave Holdings,3/6/12
M:Metrics,1/1/04,comScore,5/28/08
madKast,3/1/07,ShareThis,9/23/08
Magento,1/1/10,eBay,6/6/11
Magma HQ,8/16/10,Issuu,3/1/13
Mailbox,,Dropbox,3/15/13
Mailgun,2/7/10,Rackspace,8/28/12
Makana Solutions,1/1/04,Cornerstone Software,12/28/11
Makani Power,1/1/06,Google[x],5/22/13
Makara,,Red Hat,11/30/10
MakerBot,1/1/09,Stratasys,6/19/13
Maktoob,1/1/00,Yahoo!,2/26/10
Managed Objects,1/1/97,Novell,11/13/08
MapMyFitness,2/8/07,Under Armour,11/14/13
Marakana,1/1/05,Twitter,8/13/13
Marathon Technologies,1/1/93,Stratus Technologies,9/24/12
Markafoni,9/3/08,MIH Allegro,7/7/11
Marketbright,,Act-On Software,7/27/11
MarkMonitor,1/1/99,Thomson Reuters,7/26/12
Mashery,5/1/06,Intel,4/17/13
Matcha,1/1/11,Apple,8/13/13
Mathsoft Engineering & Education,1/1/84,PTC,4/26/06
Maven Networks,,Yahoo!,1/31/08
Maya's Mom,,BabyCenter,8/1/07
Media Temple,1/1/98,GoDaddy,10/15/13
Medialive,1/1/00,Kudelski Group,12/17/09
MediaXstream,,Hibernia Atlantic,12/15/09
Medicago,1/1/97,Mitsubishi Tanabe Pharma,9/18/13
Medical Metrx Solutions,,AIG Altaris Health Partners,1/1/05
MedServe,,Stericycle,5/15/09
Meetings.io,,Jive Software,11/5/12
"MeetMe, Inc.",4/1/05,Quepasa,7/20/11
Melodeo,,Hewlett-Packard,6/23/10
Mendeley,1/1/08,Elsevier,4/8/13
MentorWave Technologies,1/1/02,Google,9/12/10
Mercantila,,Blucora,5/11/10
MergeOptics,9/1/00,FCI,2/22/10
Meridian,3/1/11,Aruba Networks,5/16/13
Meriton Networks,1/1/00,Xtera Communications,5/7/08
Mertado,,Groupon,1/20/12
MessageCast,3/1/02,Microsoft,3/11/05
MessageOne,,Dell,2/13/08
MetaCarta,1/1/01,Nokia,4/9/10
MetaLINCS,1/1/03,Seagate,12/6/07
MetaSolv,1/1/92,Oracle Corporation,10/23/06
Metastorm,1/1/96,OpenText,2/2/11
Metatomix,1/1/00,Versata Enterprises,9/7/10
MethylGene,,Mirati Therapeutics Inc.,6/1/13
MileWise,1/1/10,Yahoo!,5/9/13
Milk,1/1/11,Google,3/16/12
Mill River Labs,5/16/07,VentureBeat,9/22/09
Million-2-1,,International Game Technology,6/10/08
Mimosa Systems,8/29/03,Iron Mountain,2/22/10
Mint.com,11/1/06,Intuit,9/1/09
Mirifice,1/1/04,Genius Digital,1/1/12
Mixer Labs,,Twitter,12/23/09
MK2Media,4/24/08,NetTrader,9/1/11
Mob Science,1/1/08,Social Gaming Network,6/13/13
Mob.ly,10/1/07,Groupon,5/5/10
Mobclix,3/1/08,Velti,9/30/10
Mobile Armor,1/1/02,Trend Micro,12/1/10
Mobile Patrol,,Appriss,1/20/12
MobileAccess Networks,,Corning,1/31/11
Mobilisafe,1/1/10,Rapid7,10/9/12
MOBITRAC,1/1/01,Fluensee,9/18/06
Mobui,,Teleca,3/1/10
Modern Feed,1/1/07,Clicker,6/16/87
Modiv Media,1/1/90,Catalina Marketing,4/30/12
modu,1/1/07,Google,5/20/11
MOG,6/1/05,Beats Electronics,7/2/12
Mogad,6/1/07,iSkoot,9/4/08
Monsoon Commerce,1/1/98,Monsoon Commerce,4/4/11
Monsoon Commerce,1/1/98,Alibris,2/24/10
Montalvo Systems,,Sun Microsystems,5/2/08
MontaVista Software,,Cavium,11/10/09
Moodlerooms,9/1/05,Blackboard,3/26/12
Moped,,6Wunderkinder,12/13/13
MoreMagic Solutions,1/1/01,Oberthur Technologies,2/28/12
Morta Security,,Palo Alto Networks,1/6/14
Movaya,2/1/06,Digby,11/5/09
Move Networks,,EchoStar,6/16/87
Movero Technology,1/1/03,Integrated Mobile,2/15/11
Movetis,1/1/06,Shire,8/3/10
Movity,12/1/09,Trulia,12/21/10
Mozy,1/1/05,EMC,10/1/07
Mr. Youth,1/1/02,LBI International,11/14/11
mSnap,6/1/05,Marketron,9/29/10
mSpot,1/1/04,Samsung Electronics,5/9/12
MTEM Limited,,Petroleum Geo-Services,6/1/07
MTM Laboratories,8/30/99,Roche Holding,7/19/11
Multicast Media,1/1/00,KIT digital,3/15/10
Multigig,1/1/03,Analog Devices,3/30/12
Multispectral Imaging,,Agiltron,5/1/08
Munch On Me,1/1/11,CollegeBudget,5/15/12
mValent,,Oracle Corporation,2/4/09
MyEnergy,6/4/07,Nest Labs,5/8/13
Mykonos Software,1/1/09,Juniper Networks,2/22/12
MyNewPlace,1/1/99,RealPage,8/22/11
MySocialCloud.com,5/26/11,Reputation.com,7/24/13
MySQL,,Sun Microsystems,1/1/08
Mytopia,1/1/07,888 Holdings,6/14/10
MyTrade,8/20/07,Investools,12/1/07
Natural Convergence,1/1/01,Broadview Networks,8/5/09
NaturalMotion,1/1/01,Zynga,1/30/14
Navini Networks,1/1/00,Cisco,10/23/07
Navman Wireless OEM Solutions,1/1/01,Telit Wireless Solutions,12/21/11
Navman Wireless OEM Solutions,1/1/01,Danaher,1/29/13
nCircle Network Security,1/1/98,Tripwire,3/11/13
NearbyNow,,JiWire,11/23/10
NEHP,,Sequel Industrial Products,1/1/12
Nellix,,Endologix,10/28/10
NeoGuide Systems,1/1/00,Intuitive Surgical,6/1/09
Neolane,1/1/01,Adobe Systems,6/27/13
NeoPath Networks,1/1/02,Cisco,3/13/07
Nest Labs,5/25/10,Google,1/13/14
NetDevices,1/1/03,Alcatel-Lucent,1/1/07
NetDragon,,Baidu,8/14/13
NetEffect,1/1/99,Intel,10/15/08
Neterion,1/1/01,EXAR,2/9/10
NetScaler,12/1/97,Citrix Systems,8/16/05
Netscape,4/4/94,AOL,11/28/98
Netvibes,9/1/05,Dassault Systemes,2/9/12
NetVision,1/1/95,STEALTHbits,2/28/12
Network Physics,1/1/99,"OPNET Technologies, Inc.",10/23/07
Neurelis,1/1/07,Biotie Therapies,6/4/13
NeuroLogica,1/1/04,Samsung Electronics,1/29/13
Neuronex,,Acorda Therapeutics,2/17/12
Newvem,,Datapipe,9/10/13
Nexsan,1/1/00,Imation,1/2/13
Next New Networks,3/1/07,YouTube,3/7/11
NextWave Pharmaceuticals,,Pfizer,10/22/12
NFi Studios,12/1/04,Avectra,10/8/10
Nicira Networks,1/1/07,VMware,7/23/12
Nimbula,1/1/08,Oracle Corporation,3/13/13
Nimsoft,1/1/02,CA Technologies,3/10/10
NitroSecurity,1/1/99,McAfee,10/4/11
NOBOT,4/1/09,mediba Inc.,8/31/11
Nodeable,3/1/11,Appcelerator,11/7/12
Notify Technology,8/1/94,Globo,10/3/13
Novarra,1/1/99,Nokia,3/26/10
NOZA,1/1/06,Blackbaud (BLKB),10/1/10
NSFW Corporation,1/1/11,PandoDaily,11/25/13
nTAG Interactive,,Alliance Tech,4/6/09
Nukona,,Symantec,3/20/12
Numonyx,3/1/08,Micron Technology,2/9/10
NuPathe,,Teva Pharmaceutical Industries,1/21/14
NuPathe,,Endo Health Solutions,12/16/13
NutshellMail,9/15/07,Constant Contact,5/24/10
OATSystems,,Checkpoint Systems,6/23/08
Oberon Media,1/1/03,iWin,6/1/13
Objectworld Communications,1/1/94,ADTRAN,9/15/09
Ocarina Networks,2/1/07,Dell,7/19/10
Ocarina Technologies,,Dell,7/19/10
Ocean Outdoor,,Lloyds Development Capital,5/1/12
Odeo,7/1/05,SonicMountain,5/1/07
OfferIQ,,Transactis,9/9/10
OffiSync,1/1/08,Jive Software,5/23/11
OggiFinogi,,Collective,2/24/11
Ogone,1/1/96,Toluu,1/30/13
Ohloh,1/1/04,Black Duck Software,10/6/10
OkCupid,1/1/03,Match,2/2/11
Omek Interactive,1/1/07,Intel,7/16/13
Omnikles,1/1/00,Oodrive,6/8/11
Omniture,1/1/96,Adobe Systems,10/23/09
Omrix Biopharmaceuticals,1/1/95,Johnson & Johnson,11/23/08
Omthera Pharmaceuticals,,AstraZeneca,5/29/13
On2 Technologies,1/1/92,Google,2/19/10
Onaro,,NetApp,1/1/08
Onavo,1/1/10,Facebook,10/14/13
One Block Off the Grid (1BOG),11/1/08,Virgance,11/1/08
One Jackson,3/12/12,TaskRabbit,11/14/12
oneforty,3/31/09,HubSpot,8/18/11
OneNeck IT Services,1/1/97,Telephone and Data Systems,6/28/11
OneRiot,1/1/06,WalmartLabs,9/1/11
OneTrueFan,7/1/10,BigDoor,9/1/11
ONOSYS Online Ordering,8/13/03,LivingSocial,4/27/12
OnPath Technologies,,NetScout Systems,11/1/12
OnState,,TeleTech,1/1/12
ONtheAIR,,Yahoo!,12/5/12
Oodle,1/1/04,QVC,12/5/12
Opalis Software,1/1/99,Microsoft,12/11/09
Open Home Pro,5/17/10,HomeFinder,1/14/14
Open Source Food,3/12/07,Tsavo Media,2/6/09
Open-Plug,1/1/02,Alcatel-Lucent,9/1/10
OpenAir,1/1/99,NetSuite,6/2/08
OpenFeint,1/1/08,GREE,4/21/11
OPENLANE,,KAR Auction Services,8/15/11
OpenSpirit,1/1/00,TIBCO Software,9/24/10
Opsware,9/1/99,Hewlett-Packard,7/23/07
Opta Sportsdata,1/1/01,Perform Group,7/3/13
Optimal,1/1/08,Brand Networks,10/16/13
Optinuity,1/1/04,CA Technologies,10/6/08
OptionEase,1/1/06,Solium Capital,10/8/12
OptiSolar R&D,1/1/02,ePod Solar,7/21/09
OptiSolar R&D,1/1/02,First Solar,3/3/09
OrangeSoda,10/1/06,Deluxe Corp,6/5/12
"ORCA, Inc.",1/1/08,Ingk Labs,1/13/12
Origami Labs,4/1/11,eFamily.com,11/6/13
Orthomimetics,1/1/05,TiGenix,11/30/11
OrthoScan,1/1/02,Aton,9/27/11
Ortiva Wireless,1/1/04,Allot Communications,5/1/12
OuterBay Technologies,1/1/97,Hewlett-Packard,2/7/06
Outright,6/1/08,GoDaddy,7/18/12
Outsmart,1/1/01,VocalTec Communications,12/10/09
Outspark,1/1/07,gamigo,2/8/13
Overblog,2/14/04,Ebuzzing,9/1/10
Oversi,1/1/04,Allot Communications,9/4/12
Overtone,1/1/95,KANA Software,4/5/11
Oxonica,,Cabot Corporation,7/29/10
Oyster.com,3/1/08,TripAdvisor,10/15/13
OZ Communications,1/1/91,Nokia,9/30/08
P21,,Heliocentris,4/16/12
PA Semi,,Apple,4/23/08
Packet Island,,BroadSoft,10/26/09
PacketFront,8/1/01,genexis,2/2/12
Padcom,1/1/89,NetMotion Wireless,6/15/06
Pageflakes,1/1/06,LiveUniverse,4/13/08
Palisade Systems,1/1/96,Absolute Software,6/25/13
Palm,1/1/92,Hewlett-Packard,7/1/10
Palm,1/1/92,3Com,6/1/97
PanGo Networks,1/1/99,InnerWireless,3/19/07
PaperKarma,5/1/10,Reputation.com,6/27/13
Paprika Lab,9/19/07,GREE,6/1/12
ParAccel,1/1/07,Actian,4/26/13
Parakey,,Facebook,7/1/07
Parascale,1/1/05,Hitachi,8/20/10
Paratek,,Blackberry,3/9/12
Pareto Networks,1/1/07,Aerohive Networks,1/18/11
Passlogix,1/1/96,Oracle Corporation,10/6/10
Passpack,1/1/08,Kemesa,1/23/14
PasswordBank,1/1/08,Symantec,7/18/13
Pasteuria Bioscience,1/1/03,Syngenta,9/19/12
PathCentral,,XIFIN,8/22/13
Patient Safety Technologies,,Stryker,12/31/13
PayDivvy,3/6/09,Higher One,8/1/13
PayPal,12/1/98,eBay,7/8/02
Payvment,8/1/09,Intuit,1/1/13
PDV,,DM plc,1/1/09
PEAK Surgical,,Medtronic,7/7/11
PeakStream,1/1/05,Google,6/5/07
Peanut Labs,1/1/05,e-Rewards,9/27/10
Pearl Therapeutics,1/1/06,AstraZeneca,6/10/13
Peerflix,,LiveUniverse,9/5/08
Pegasus Technologies,1/1/91,Yifang Digital,2/3/10
Pelago,12/1/05,Groupon,4/18/11
Peopleclick Authoria,1/1/97,Bedford Funding,9/29/08
PeopleCube,1/1/95,Asure Software,7/5/12
Peoplefilter Technology,1/1/00,Talent Technology,7/10/08
Percello,1/1/07,Broadcom,10/26/10
Performable,10/17/09,HubSpot,6/16/11
Performance Technology,,World Wide Technology,1/15/10
Persystent Technologies,1/1/02,Utopic Software,1/1/12
PerTrac Financial Solutions,1/1/96,eVestment,11/13/12
PGP Corporation,1/1/96,Symantec,4/29/10
Pharmacopeia,1/1/93,Ligand Pharmaceuticals,9/24/08
PHD Virtual Technologies,1/1/05,Unitrends Software,12/16/13
Phoenix Technologies,1/1/79,madewithlove,11/23/10
PhotoBox,1/1/00,Photoways,4/11/06
Photobucket,6/1/03,Fox Interactive Media,5/30/07
PI Corporation,1/1/03,EMC,2/21/08
PicksPal,,Liberty Media,3/16/09
picoChip,1/1/00,Mindspeed Technologies,1/5/12
Picolight,1/1/95,JDS Uniphase Corporation,5/29/07
Pict,2/3/12,POPSUGAR,1/21/14
Pictela,10/17/08,AOL,12/16/10
Pikum,1/1/07,Virgin USA,3/1/08
Pinch Media,4/1/08,Flurry,12/22/09
Ping.fm,3/1/08,Seesmic,1/1/10
Pipeline Biomedical Holdings,,MAKO Surgical,10/2/13
Pipette,,Ginger.io,3/9/12
PlaceVine,1/1/07,Alphabird,3/1/11
Platform Solutions,1/1/99,IBM,7/2/08
play140,,Oomba,4/1/12
Playdom,2/1/08,The Walt Disney Company,7/27/10
Playfire,1/1/07,Green Man Gaming,7/9/12
Playfish,10/1/07,Electronic Arts,11/9/09
PlayOn! Sports,1/1/08,2080 Media,12/10/08
PlayPhilo.Com,,LocalResponse,8/4/11
PlaySay,4/4/08,babbel,3/21/13
PlaySpan,5/1/06,Visa,2/9/11
Pliant Technology,4/1/06,SanDisk,5/16/11
Plink Search,4/1/09,Google,4/10/10
Plixi,3/18/09,ADOR,1/27/11
Podcast Ready,1/1/05,Epic Playground,12/31/10
Podio,3/1/09,Citrix Online,4/11/12
Podio,3/1/09,Citrix Systems,4/20/12
Pokelabo,11/1/07,GREE,10/25/12
Polar Rose,11/1/04,Apple,9/20/10
PolarLake,1/1/99,Bloomberg,5/22/12
Polimetrix,1/1/04,YouGov,8/9/07
Polymita Technologies,1/1/02,Red Hat,8/24/12
PolyServe,1/1/99,Hewlett-Packard,2/26/07
Ponte Solutions,1/1/01,Mentor Graphics,5/2/08
PopCap Games,1/1/00,Electronic Arts,7/12/11
Portico Learning Solutions,,NextLearn,7/1/11
Positive Networks,,ANXeBusiness,11/7/07
Posterous,5/1/08,Twitter,3/12/12
Postling,6/15/09,LocalVox Media,11/2/12
PostRank,1/4/07,Google,6/3/11
Powered,1/1/99,Dachis Group,12/21/10
PowerReviews,,Bazaarvoice,5/24/12
Powerset,10/1/06,Microsoft,7/1/08
Poynt,1/1/07,Sprylogics International,5/31/13
PPTV,1/1/04,Suning,9/25/13
Precise Software,,Idera,7/2/13
PreCision Dermatology,1/1/10,Valeant Pharmaceuticals International,2/3/14
Preclick,1/1/01,Smilebox,9/9/09
Prenova,1/1/02,Ecova,11/21/11
Presidium Learning,,Blackboard,1/13/11
Press-sense,1/1/01,Bitstream,5/17/10
PrimeSense,5/1/05,Apple,7/18/13
ProChon Biotech,,Histogenics,5/16/11
Professional Aptitude Council,,eLitmus Evaluation,5/1/12
ProFibrix,1/1/04,The Medicines Company,8/5/13
Proginet,,TIBCO Software,6/22/10
Prolexic Technologies,1/1/03,Akamai Technologies,12/2/13
Prometheus Laboratories,1/1/95,Nestl�� Health Science,5/24/11
ProStor Systems,5/1/04,Imation,8/29/12
PROTEGO,,Cornerstone Real Estate Advisers,11/20/09
Protiva Biotherapeutics,1/1/00,Tekmira Pharmaceuticals,3/28/08
Provade,1/1/04,Pinnacle Technical Resources,10/3/11
Proxeon,,Thermo Fisher Scientific,4/21/10
PSS Systems,,IBM,10/13/10
Pulse Entertainment,1/1/94,Meez,1/14/09
Pump Audio,1/1/01,Getty Images,6/1/07
Pure Digital Technologies,9/1/01,Cisco,3/19/09
Purewire,11/1/07,Barracuda Networks,10/13/09
Purple Labs,1/1/01,Myriad,2/13/09
Push IO,4/1/09,Responsys,1/22/14
Pyxis Technology,,Mentor Graphics,7/1/10
Q-Layer,1/1/05,Sun Microsystems,1/7/09
Q1 Labs,1/1/01,IBM,10/4/11
Qik,6/1/06,Skype,1/6/11
Qloud,11/1/07,SpinMedia,3/1/08
QuantaLife,1/1/08,Bio-Rad Laboratories,10/5/11
Quantivo,1/1/05,Aggregate Knowledge,2/1/13
Quattro Wireless,10/1/06,Apple,1/5/10
Quickcue,1/1/11,OpenTable,12/16/13
Quickoffice,1/1/97,Google,6/5/12
Quidsi,1/1/05,Amazon,11/8/10
Quik.io,2/3/11,Yahoo!,12/9/13
Quorum Systems,,Spreadtrum Communications,11/19/07
Qwiki,10/1/09,Yahoo!,7/2/13
Radiance,,Comcast,10/7/08
Rakuten mediaFORGE,1/1/05,LinkShare,9/5/12
RapidMind,1/1/04,Intel,8/19/09
Rapportive,1/1/10,LinkedIn,2/7/12
Raytheon BBN Technologies,1/1/48,Raytheon,10/26/09
Reactivity,1/1/98,Cisco,2/21/07
Ready Solar,1/1/04,SunEdison,12/1/10
Real Girls Media Network,1/1/06,Meredith Corporation,12/13/10
Realtime Technology,1/1/99,Dassault Systemes,12/5/13
RealTravel,,Uptake,11/4/10
Reaxion Corporation,1/1/01,PressOK Entertainment,9/10/08
Reclip.It,,Walmart,4/1/13
Recurrent Energy,,Sharp Electronics,9/22/10
Recurve,8/1/05,Tendril,2/24/12
Red Aril,1/1/09,iCrossing,12/7/11
Red Swoosh,,Akamai Technologies,4/12/07
Red-M Group,1/1/99,Team Telecom Group,3/8/12
Redbeacon,11/1/08,The Home Depot,1/20/12
RedCloud Security,,Avigilon Corporation,5/31/13
Reddit,1/1/05,Cond_ Nast,10/1/06
RedPath Integrated Pathology,1/1/04,ExonHit Therapeutics,4/27/10
Redwood Systems,1/1/08,CommScope,7/9/13
Relativity Technologies,1/1/97,Micro Focus,1/5/09
"RELDATA, Inc.",1/1/05,Starboard Storage Systems,2/13/12
Reliant Technologies,1/1/01,Thermage,1/7/09
Remedy Systems,1/1/09,Remedy Partners,5/1/13
Rempex Pharmaceuticals,,The Medicines Company,12/4/13
RentBureau,5/15/06,Experian,6/24/10
RentJuice,1/1/08,Zillow,5/2/12
RentMineOnline,6/1/07,RealPage,7/23/12
Reppler,8/1/10,TrustedID,2/2/12
Republic Project,8/1/08,DG,10/7/13
Retail Convergence,1/1/08,GSI Commerce,10/27/09
Retail Optimization,,Revionics,7/12/12
"RetailMeNot, Inc.",5/1/07,"RetailMeNot, Inc.",12/2/10
Retrevo,1/1/06,Shopzilla,11/7/12
Revolution Money,,American Express,11/18/09
Revver,10/15/04,LiveUniverse,2/14/08
Rexly,9/1/10,Live Nation Entertainment,7/16/12
RF-iT Solutions,1/1/05,Enso Holding,1/11/12
Rhetorical Group plc,1/1/02,ScanSoft,1/1/04
Rhythm NewMedia,1/1/05,blinkx,12/3/13
Rhythmia Medical,1/1/04,Boston Scientific,10/8/12
Ribbit,2/23/05,British Telecom,7/29/08
Right Media,1/1/03,Yahoo!,4/1/07
RightsFlow,10/1/07,Google,12/9/11
Ripple Technologies,1/1/98,NitroSecurity,7/15/08
Ripple TV,1/1/06,TargetCast Networks,9/23/09
RNA Networks,,Dell,6/23/11
Rohati Systems,,Cisco,1/5/10
ROME Corporation,1/1/01,Triple Point Technology,7/7/08
Rontal Applications,1/1/03,Verint Systems,4/6/11
Roost,5/1/07,VerticalResponse,12/15/11
Runa,1/1/09,Staples,10/2/13
RunMyProcess,6/1/07,Fujitsu,4/8/13
Sadra Medical,1/1/03,Boston Scientific,11/19/10
SafeNet,1/1/83,Vector Capital,4/12/07
SafetyCertified,1/1/99,W.W. Grainger,10/14/10
SafetyWeb,1/1/09,Experian,5/1/11
Saffron Digital,1/1/06,Cinram International,9/4/13
Salesconx,1/1/08,SaleSpread,6/20/12
Salesforce Buddy Media,9/1/07,Salesforce,6/4/12
Salesforce Japan,4/1/00,Salesforce,10/31/10
Salesforce Radian6,4/1/06,Salesforce,3/30/11
Salient Surgical Technologies,1/1/99,Medtronic,7/7/11
Sapato.ru,6/1/10,OZON.ru,2/15/12
Sapient,1/1/90,Studio Archetype / Sapient,1/1/98
SARcode Bioscience,1/1/06,Shire,3/25/13
Satmex,6/26/97,Eutelsat,8/1/13
Satmex,6/26/97,EchoStar,6/16/87
SaveFans!,8/1/08,Contender.com,1/1/12
Savored,1/1/10,Groupon,9/24/12
SayNow,9/1/05,Google,1/25/10
Scalado,1/1/00,Nokia,6/1/12
ScaleIO,1/1/11,EMC,6/19/13
Scali,1/1/97,Platform Computing,8/1/08
ScanSafe,1/1/04,Cisco,10/27/09
SchemaLogic,1/1/01,Smartlogic Semaphore,9/15/11
Schooner Information Technology,5/1/07,SanDisk,6/26/12
Scoreloop,,Blackberry,6/7/11
Scrapblog,1/1/06,Mixbook,1/18/11
Screamin Daily Deals,2/1/10,Local.com,7/11/11
Screen Tonic,1/1/01,Microsoft,5/3/07
Scuttledog,8/20/10,Independent Finance Partners LTD,1/5/14
SeaDragon Software,1/1/03,Microsoft,1/28/06
SeaMicro,,AMD,3/23/12
Seamless Receipts,7/1/09,Sailthru,6/18/12
Searchandise Commerce,,RichRelevance,12/13/11
SeatMe,3/1/11,Yelp,7/18/13
Secerno,1/1/03,Oracle Corporation,5/20/10
Second Porch,1/1/09,HomeAway,5/11/11
Secure Computing,1/1/84,McAfee,9/21/08
SecureMedia,1/1/96,MediaXstream,4/17/08
SecureNet,,Securadyne Systems,3/1/12
SecureWorks,1/1/99,Dell,1/4/11
Seeqpod,5/1/05,Intertrust Technologies,8/30/10
Seesaw,,Byliner,11/26/13
SeeSaw.com,7/1/07,Reachd,7/1/11
Seesmic,6/1/07,HootSuite,9/5/12
SelectMinds,1/1/00,Oracle Corporation,9/17/12
SemEquip,1/1/00,Ceradyne,7/8/08
Semtek Innovative Solutions,1/1/99,VeriFone,9/9/10
Sendoid,1/1/11,Facebook,3/1/12
Sendori,8/1/06,CoBe Capital,11/10/11
Sendori,8/1/06,Ask.com,1/22/09
SensAble Technologies,1/1/93,Geomagic,4/1/12
SenSage,8/18/04,KEYW Corporation,9/13/12
Sensitive Object,1/1/03,Tyco Electronics,1/28/10
SensorDynamics,1/1/02,Maxim Integrated Products,7/18/11
SensorLogic,1/1/02,Gemalto,12/20/11
Sentillion,1/1/98,Microsoft,12/10/09
Sentrigo,10/1/06,McAfee,3/23/11
Serebra Learning,,Bluedrop Performance Learning Inc.,1/26/12
Servio,4/30/09,CrowdSource,11/15/13
sezmi,1/1/07,Totalmovie,1/1/12
SezWho,10/1/06,Echo,3/5/09
SGX Pharmaceuticals,1/1/98,Eli Lilly,7/8/08
ShareYourCart,5/1/11,AddShoppers,11/15/13
Shipwire,1/1/06,Ingram Micro,10/29/13
SHOP.COM,9/1/97,Market America,12/15/10
Shopflick,7/1/07,POPSUGAR,6/1/09
ShopIt,,Atrinsic,8/7/09
ShopLocket,12/2/11,PCH International,1/24/14
Shopo,1/1/11,Snapdeal,5/30/13
Shozu,1/1/01,Critical Path,1/4/10
Shutl,12/1/09,eBay,10/22/13
SiBEAM,12/1/04,Silicon Image,4/14/11
Sierra Monolithics,1/1/86,Semtech,11/19/09
SignalDemand,1/1/04,PROS Holdings,12/18/13
Siimpel Corporation,1/1/00,Tessera,5/5/10
Silicon Biosystems,,Menarini,9/22/13
Silicon Clocks,1/1/04,Silicon Laboratories,4/28/10
Silicon Storage Technology,1/1/89,Microchip Technologies,2/3/10
SiliconBlue Technologies,,Lattice Semiconductor,12/8/11
Silver Creek Systems,1/1/97,Oracle Corporation,1/4/10
Silver Tail Systems,1/8/08,EMC,10/30/12
Similarity Systems,1/1/01,Informatica,1/26/06
SimpleGeo,5/1/09,Urban Airship,10/31/11
Simplex Solutions,1/1/97,Bottomline Technologies,8/20/13
SIMTEK,1/1/86,Cypress Semiconductor,8/1/08
Sincerely,1/1/11,Provide Commerce,11/7/13
SinDelantal,4/21/10,Just-Eat.com,10/3/12
SinglePlatform,1/1/10,Constant Contact,6/13/12
SintecMedia,,Riverwood Capital Management,3/31/11
Siperian,1/1/00,Informatica,1/29/10
Sirific Wireless,1/1/00,Icera,5/1/09
Sirtris Pharmaceuticals,1/1/04,GlaxoSmithKline,4/22/08
Sitemasher,12/1/07,Salesforce,6/4/10
SkillSlate,1/1/09,TaskRabbit,1/9/12
Skype,8/1/03,Microsoft,5/10/11
Skype,8/1/03,eBay,9/12/05
SkyPhrase,1/1/11,Yahoo!,12/2/13
SkyPilot Networks,1/1/00,Trilliant,6/1/09
Slide,8/1/05,Google,8/6/10
SlideRocket,3/1/06,VMware,4/26/11
SlideShare,,LinkedIn,5/3/12
Sloning BioTechnology,,MorphoSys,10/8/10
Smarterphone,,Nokia,1/7/12
SmartSignal,1/1/99,GE Intelligent Platforms,1/6/11
SNAPin Software,1/1/03,Nuance Communications,8/13/08
Snapjoy,5/1/11,Dropbox,12/19/12
SnapNames,1/1/00,Oversee,5/1/07
SnapTell,1/1/06,Amazon,6/16/09
Snaptu,2/20/94,Facebook,9/17/11
Snipshot,12/1/05,Ark,5/1/13
Snocap,,imeem,2/1/08
Social Median,,XING,12/19/08
Social Project,,Viacom,9/22/08
Social Project,,GROU.PS,10/10/10
Socialbomb,6/5/08,Refinery29,5/28/13
Socialcam,2/1/12,Autodesk,7/17/12
SocialCom,12/22/08,Telenet GmbH,1/1/10
SocialGuide,1/1/10,NM Incite,11/13/12
Socialize,7/1/08,ShareThis,3/20/13
Socializr,,Punchbowl,11/12/10
SocialPicks,1/1/06,SocialInSight LLC,5/2/12
Socialthing,5/18/07,AOL,8/21/08
SoftLayer,1/1/05,IBM,6/5/13
Softricity,1/1/99,Microsoft,7/17/06
Solaicx,1/1/02,MEMC Electronic Materials,5/24/10
Solais Lighting,,PowerSecure International,4/15/13
Solar Power Partners,,NRG Energy,11/21/11
Solar Power Technologies,,Draker,1/1/12
Sold,6/1/12,Dropbox,11/5/13
Solid Information Technology,1/1/92,IBM,12/21/07
Solidcore Systems,1/1/02,McAfee,5/15/09
Solstice Neurosciences,,US WorldMeds,8/13/10
Solta Medical,1/1/95,Valeant Pharmaceuticals International,12/16/13
Soluto,1/1/08,Asurion,10/30/13
SolveDirect Service Management,1/1/01,Cisco,3/25/13
Songza,11/1/07,Amie Street,10/1/08
Sonicbids,6/1/99,Backstage,1/30/13
SourceNinja,,KISSmetrics,2/1/13
SpaBooker,11/1/07,Booker,10/1/10
Spaceport.io,,Facebook,4/23/13
Sparkbuy,1/1/10,Google,5/23/11
Sparkroom,1/1/07,CUnet,2/1/10
SPARQ,1/1/10,Yahoo!,1/21/14
Sparrow,10/3/10,Google,7/20/12
SpectraLinear,1/1/06,Silicon Laboratories,1/26/11
Spectrum K12 School Solutions,1/1/96,Scantron,7/22/10
SpikeSource,1/1/04,Black Duck Software,11/17/10
Spinback,,Salesforce Buddy Media,5/12/11
SpinVox,,Nuance Communications,12/30/09
Spirus Medical,,Olympus Corporation,7/5/11
Sponge,1/1/10,Kurtosys,7/1/11
Sportingo,7/1/06,tixdaq,4/5/09
SportStream,6/1/12,Facebook,12/17/13
SprayCool,1/1/88,Parker Hannifin,3/17/10
SpringSource,1/1/04,VMware,8/10/09
Sprint Nextel,1/1/99,SoftBank,10/18/12
Sqoot,7/23/10,Clutch,5/1/13
SquareOne,11/1/12,Omnia Media,1/1/14
StackMob,1/1/10,PayPal,12/17/13
Standout Jobs,2/1/07,Talent Technology,10/19/10
Star Analytics,1/1/04,IBM,2/1/13
Star.me,,BuzzFeed,9/1/11
Starbak,,BurstPoint Networks,9/13/10
StarNet Interactive,,IAC,5/20/08
StartForce,4/1/06,ZeroPC,2/28/11
StartupDigest,11/16/09,Startup Weekend,10/3/12
StatsMix,1/1/09,Copper.io,4/1/13
Stax Networks,1/1/08,CloudBees,12/14/10
Steek SA,1/1/02,F-Secure,7/15/09
StepUp,,Intuit,9/14/06
StoreFront.net,1/1/96,Dydacomp,1/19/09
Storify,12/11/09,Livefyre,9/9/13
StorSimple,1/1/09,Microsoft,10/17/12
Storwize,1/1/04,IBM,6/14/10
Storyful,4/12/10,News Corp,12/20/13
Stratavia,1/1/01,Hewlett-Packard,8/26/10
Streamezzo,1/1/04,Amdocs,4/23/10
Streetcar,1/1/04,Zipcar,4/1/10
Stretch,1/1/02,EXAR,1/14/14
Strobe,6/1/10,Facebook,11/8/11
StubHub,1/1/00,eBay,1/10/07
StudioNow,1/1/07,AOL,1/25/10
StumbleUpon,2/1/02,eBay,5/30/07
StumbleUpon,2/1/02,StumbleUpon,4/1/09
StyleFeeder,5/3/06,Time Inc.,1/19/10
Stylehive,,ThisNext,2/1/10
Stylesight,1/1/04,WGSN.com,11/21/13
Stypi,,Salesforce,5/1/12
SuccessFactors,5/1/01,SAP,2/22/12
Sundrop Mobile,6/1/10,Mercury Payment Systems,5/16/12
Supernova,12/1/10,Fullscreen,1/15/14
Surfkitchen,1/1/99,Teleca,3/22/11
Surphace,6/1/05,AOL,4/1/08
Suso,,Cott Beverages,1/1/12
Svpply,10/1/09,eBay,9/6/12
Swoodoo,,KAYAK,5/6/10
Sylantro,1/1/98,BroadSoft,12/29/08
Symwave,1/1/01,SMSC,11/16/10
SynapticMash,,Promethean,7/29/10
Synchronica,1/1/04,Myriad,4/16/12
Syntarga,,Synthon,6/23/11
Syntaxin,,Ipsen,7/15/13
Syntensia,1/1/05,Nevales Networks,3/1/10
Tacit Software,5/1/97,Oracle Corporation,11/3/08
Tacoda,,AOL,7/24/07
Takkle,,Alloy,2/5/09
Talbot Holdings,1/1/01,Validus Holdings,7/3/07
TalentSpring,10/1/06,Talent Technology,10/19/10
Taligen Therapeutics,1/1/04,Alexion Pharmaceuticals,1/31/11
Talisma,,Campus Management,11/14/08
Tamarac,1/1/00,Envestnet,2/16/12
Tap.Me,6/18/09,MediaMath,12/5/12
Tapatap,,LimeLife,3/23/09
TapIt! by Phunware,1/1/11,Phunware,1/2/13
Tapulous,2/1/08,The Walt Disney Company,7/1/10
tarpipe,5/1/08,CloudWork,10/17/12
Tasty Labs,10/1/10,WalmartLabs,5/1/13
Tatara Systems,1/1/01,Taqua,7/21/11
TDX,1/1/04,Equifax,1/17/14
Tealeaf,4/10/97,IBM,5/2/12
Teknovus,1/1/01,Broadcom,3/8/10
TeleCIS Wireless,1/1/00,Qualcomm,4/1/07
Teledata Networks,,Enablence Technologies,6/23/10
Telegent Systems,1/1/04,Spreadtrum Communications,7/19/11
Telisma,1/1/00,OnMobile,5/18/08
Tellme,1/1/99,Microsoft,3/14/07
Telovations,2/1/06,Bright House Networks,11/26/12
Telx,1/1/00,ABRY Partners,8/8/11
Tensilica,1/1/97,Cadence Design Systems,3/11/13
Tercica,1/1/02,Ipsen,6/4/08
Terracotta,1/1/03,Software AG,5/23/11
Textic,1/1/05,Rok Talk,11/11/09
TextPayMe,12/1/05,Amazon,1/1/06
The Fab Shoes,3/1/12,JustFab,5/23/13
The Fanfare Group,1/1/04,Spirent Communications,2/14/11
The FeedRoom,9/1/99,KIT digital,10/5/09
The Fizzback Group,1/1/05,NICE Systems,9/19/11
The Gifts Project,11/1/09,eBay,9/7/11
The Huffington Post,5/9/05,AOL,2/7/11
The Kernel,12/19/11,The Daily Dot,1/29/14
The Shared Web,,Sailthru,5/4/12
thePlatform,1/1/00,Comcast,6/27/06
Thing Labs,6/1/09,AOL,9/28/10
ThingMagic,,Trimble,10/25/10
Thinkfuse,8/1/10,Salesforce,6/25/12
ThinkGrid,,Colt Technology,8/13/12
ThinkNear,1/8/11,Telenav,10/16/12
Third Screen Media,,AOL,5/1/07
Third Wave Technologies,1/1/93,Hologic,6/8/08
Threadbox,11/1/08,MySpace,7/15/10
Thumb,5/1/10,"Ypulse, Inc.",6/1/13
Tibion Bionic Technologies,1/1/02,AlterG,6/27/13
TicketsNow,,Ticketmaster,1/1/08
Tier 3,,CenturyLink,11/19/13
TimeBridge,5/1/05,MerchantCircle,9/21/10
TimeBridge,5/1/05,Reply! Inc.,6/22/11
TimZon,11/20/08,Felix Fund,4/1/12
Tinkercad,,Autodesk,5/5/13
Tiny Pictures,8/1/05,Shutterfly,9/11/09
Tippr,2/1/10,"nCrowd, Inc.",4/24/13
Tipzu,1/1/07,Buzzr,8/5/09
TNC,1/1/04,Google,9/12/08
TokBox,5/1/07,Telef�nica Digital,10/26/12
Top10 Media,1/1/05,Forward Internet Group,6/9/11
TopCoder,4/1/01,Appirio,9/17/13
Topguest,6/1/10,Switchfly,12/1/11
Topicmarks,1/1/09,Tagged,12/7/11
Topsy Labs,1/15/07,Apple,12/2/13
Touchdown Technologies,1/1/03,Verigy,6/5/09
Toura,1/1/09,Toura,12/11/12
TouristEye,2/1/10,Lonely Planet,11/13/13
TPACK,,Applied Micro Circuits,8/19/10
TRA,,TiVo,7/17/12
Track,1/1/10,FX Concepts,9/28/12
TradeBeam,,CDC Software,5/17/10
Tradoria,2/1/07,Rakuten,8/28/11
Traiana,1/1/00,ICAP,10/10/07
Transactis,,OfferIQ,9/9/10
Travel.ru,1/1/98,Oktogo.ru,9/5/13
travelmob,7/1/11,HomeAway,7/17/13
TravelMuse,4/16/07,Travora Networks,11/30/10
Travora Networks,1/1/11,MediaShift,2/11/13
Trellia Networks,1/1/03,Wyse Technology,11/21/11
Trema Group,1/1/92,Wall Street Systems,7/31/06
Trendslide,8/1/11,Dyn,5/13/13
Tribe,1/1/03,Cisco,3/2/07
TriCipher,1/1/00,VMware,8/31/10
TRIRIGA,1/1/00,IBM,4/14/11
Trius Therapeutics,1/1/04,Cubist Pharmaceuticals,7/30/13
Troika Networks,1/1/98,QLogic,10/19/05
Trust Digital,3/1/03,McAfee,5/24/10
Trusteer,12/1/06,IBM,8/15/13
Truviso,1/1/05,Cisco,5/4/12
Tumblr,2/1/07,Yahoo!,5/20/13
Tumri,1/1/04,Collective,7/6/11
Tunezy,,SFX Entertainment,10/24/13
Tungle.me,1/1/06,Blackberry,4/27/11
Turbine,,Warner Bros.,4/20/10
Tutor,11/8/98,IAC,1/7/13
Twistbox Entertainment,,Mandalay Media,2/1/08
TwoFish,1/1/06,Live Gamer,8/24/09
TxVia,1/1/06,Google,4/2/12
Typekit,1/1/08,Adobe Systems,10/3/11
Ubiquisys,1/1/04,Cisco,4/3/13
ulike,2/9/06,L'express Roularta,3/31/11
Unidym,,Wisepower,1/18/11
Univa UD,5/10/04,Univa UD,10/1/07
Unsubscribe.com,5/1/10,TrustedID,11/15/11
UNX,1/1/99,Mantara,5/15/12
UPEK,,AuthenTec,9/7/10
Uptake,1/1/08,Groupon,2/28/12
userfox,6/1/11,AdRoll,1/23/14
UTOPY,1/1/99,Genesys,1/29/13
UXFLIP,,Artisan Mobile,4/24/12
Valchemy,1/1/01,IBM,9/30/06
Values of n,,Twitter,11/24/08
Vana Workforce,1/1/08,FinancialForce.com,11/18/13
Vapps,1/1/02,Citrix Systems,11/18/08
Varicent Software,1/1/03,IBM,4/13/12
Varolii,1/1/99,LifeLock,8/20/13
VasoNova,,Teleflex,1/10/11
Vaultus Mobile,1/1/00,Antenna Software,4/9/10
Veeco Instruments,1/1/45,Veeco Instruments,2/19/09
Vela Systems,1/1/05,Autodesk,6/9/12
Venmo,4/4/09,Braintree,8/16/12
Venture Infotek Global Private,1/1/97,Atos Origin,8/26/10
Verenium,,British Petroleum,7/15/10
VeriCenter,,SunGard Availability Services,7/19/07
Verid,,EMC,6/4/07
Verivue,,Akamai Technologies,11/13/12
Versly,1/1/09,Cisco,8/29/11
Vertical Performance Partners,,Mobiquity,3/1/13
VerticalResponse,1/1/01,Deluxe Corp,7/25/13
VetCentric,,Vets First Choice,1/17/12
Vhayu Technologies,1/1/98,Thomson Reuters,8/3/09
Vicept Therapeutics,,Allergan,7/19/11
Vidavee,,Vignette,5/1/08
VideoIQ,1/1/06,Avigilon Corporation,12/31/13
VideoSurf,,Microsoft,11/23/11
Viridity Software,1/1/08,Schneider Electric,12/1/11
Virsto Software,7/1/07,VMware,2/11/13
Virtual Iron Software,1/1/03,Oracle Corporation,5/13/09
Virtual Solutions,11/20/98,LioNBRIDGE Technology,11/30/12
Virtual Solutions,11/20/98,LioNBRIDGE Technology,11/27/12
VirtualSharp Software,1/1/10,PHD Virtual Technologies,4/1/13
VirtuOz,1/1/02,Nuance Communications,1/10/13
Visible Path,1/1/02,Hoovers,1/30/08
Visual Revenue,3/1/10,Outbrain,3/7/13
VisuMotion,,3D International,12/10/10
Vitrue,5/1/06,Oracle Corporation,5/23/12
Vivid Logic,12/1/99,SeaChange International,1/7/10
Vivisimo,,IBM,4/25/12
Vivity Labs,12/29/07,Rosetta Stone,12/19/13
Vivotech,1/1/01,Sequent,10/1/12
VIXXI Solutions,1/1/05,dash Carrier Services,11/1/09
Vizibility,7/1/09,All-State Legal,8/7/13
Vizu Corporation,2/14/05,Nielsen,7/2/12
VKernel Corporation,10/15/07,Quest Software,11/16/11
Vocalocity,1/1/07,Vonage,10/10/13
Vocent,1/1/01,PassMark Security,8/24/05
Volly,4/1/10,Location Labs,10/24/11
Voltaire,1/1/97,Mellanox Technologies,11/29/10
VoluBill,1/1/01,CSG International,12/4/13
VoterTide,3/1/11,MindMixer,3/26/13
Voxify,1/1/01,[24]7,11/1/11
VoxPop Network Corporation,8/1/06,Mindspark Interactive Network,2/10/11
VPIsystems,1/1/97,Elanti Systems,3/29/10
Vudu,1/1/04,WalmartLabs,2/1/10
W&W Communications,1/1/01,Cavium,12/19/08
Wanderfly,8/1/09,TripAdvisor,10/2/12
Wanova,,VMware,5/22/12
Wavemaker Software,,VMware,3/8/11
Wavemaker Software,,Pramati Technologies,5/2/13
Wavesat,1/1/93,Cavium,2/3/11
Wavestream,,Gilat Satellite Networks,10/13/10
Waze,1/1/07,Google,6/11/13
WebCollage,1/1/99,Answers Corporation,5/28/13
WeGame,,Tagged,9/21/11
WellAWARE Systems,1/1/00,Healthsense,7/2/13
Wetpaint,10/17/05,Viggle,12/16/13
Wheelz,1/1/11,RelayRides,5/14/13
Where,1/1/04,eBay,4/1/11
WhereNet,1/1/97,Zebra Technologies,1/15/07
Widevine Technologies,1/1/98,Google,12/16/10
Wiggio,9/15/08,Desire2Learn,3/8/13
WildBlue,1/1/04,ViaSat,10/1/09
"Wildfire, a division of Google",7/1/08,Google,7/31/12
Wimba,,Blackboard,7/8/10
Wink,8/19/04,MyLife,11/1/08
WireImage,1/1/01,Getty Images,4/26/07
Wishpot,11/9/06,ADOR,9/6/12
Wize,8/1/06,NexTag,7/7/10
WonderHill,,Kabam,10/22/10
WooMe,12/1/00,Zoosk,11/11/11
Worklight,2/1/06,IBM,1/31/12
Wysiwyg,,Razorfish,10/31/08
Xatori,11/1/10,Recargo,5/22/13
Xcalia,,Progress Software,3/19/08
Xelerated,1/1/00,Marvell Technology,4/1/12
XGraph,10/1/08,AddThis,11/1/11
Xiam,,Qualcomm,3/11/08
XM Radio,,"Sirius XM Radio, Inc.",7/23/08
XMPie,1/1/00,Xerox,10/3/06
Xoft,,iCAD,12/16/10
Xoopit,1/1/04,Yahoo!,7/23/09
Xtellus,1/1/00,Oclaro,12/18/09
XtremIO,1/1/09,EMC,5/10/12
Xumii,1/1/06,Myriad,9/15/09
YaData,7/1/05,Microsoft,8/13/10
Yadio,,GTX Global,12/1/05
Yammer,9/10/08,Microsoft,6/25/12
Yap,5/10/06,Amazon,9/8/11
Yardbarker Network,,Fox Sports Interactive Media,10/19/10
Yedda,1/1/06,AOL,11/11/07
YelloYello,9/1/07,Truvo,12/10/08
Yield Software,1/1/07,Autonomy Corporation,9/30/11
Yippy,1/1/06,Cinnabar Ventures,1/26/10
Yoggie Security Systems,1/1/05,CUPP Computing,8/1/11
Yoke,,BuzzFeed,9/11/12
Yostro,10/1/10,Dataware,4/1/11
YouTube,2/1/05,Google,10/1/06
Yub,1/1/13,Coupons.com,12/31/13
Zannel,,AVOS Systems,3/28/11
Zappedy,1/1/10,Groupon,7/17/11
Zappos,1/1/99,Amazon,7/22/09
Zave Networks,1/1/06,Google,9/2/11
Zecter,6/1/07,Motorola Mobility,12/22/10
Zencoder,1/1/07,Brightcove,7/26/12
Zenter,,Google,6/1/07
Zep Solar,1/1/09,SolarCity,10/9/13
ZeroVM,5/1/11,Rackspace,11/3/13
Zhijiang Jonway Automobile,,ZAP,7/2/10
Zinch,2/1/07,Chegg,9/15/11
Zingku,1/1/05,Google,9/27/07
Zipcar,10/31/00,Avis,1/2/13
Ziplocal,1/1/06,Canpages,6/22/09
Zite,3/9/11,CNN.com,8/31/11
ZManda,1/1/05,Carbonite,10/18/12
Zong,11/15/00,eBay,7/7/11
Zoombu,7/1/08,Skyscanner,1/1/11
ZoomSafer,1/1/09,Aegis Mobility,11/9/12
Zubican,12/1/06,Inuvo,11/23/09
Zyken - NightCove,1/1/05,Withings,9/1/13
